"last_name, first_name","player_id","year","k_percent","bb_percent","woba","xwoba","xobp","wobacon","xwobacon","avg_swing_speed","squared_up_contact","ideal_angle_rate","exit_velocity_avg","sweet_spot_percent","barrel_batted_rate","solidcontact_percent","hard_hit_percent","avg_hyper_speed","z_swing_percent","oz_swing_percent","iz_contact_percent","whiff_percent"
"Langeliers, Shea",669127,2024,27.2,7.7,".315",".328",".305",".400",".419","74.1",32.5,63.4,"91.3",35.3,12.8,5.2,44,"95.451719446",69.5,30.7,80.3,29.2
"Diaz, Yainer",673237,2024,17.3,3.9,".329",".339",".327",".383",".395","72.5",34.5,59.2,"90.2",35,7.6,8.4,47.5,"95.034359505",77.7,42.6,86.4,24
"Sosa, Lenyn",672820,2024,20.9,3.3,".280",".316",".309",".337",".385","71.7",33.3,48.9,"89",42.2,6.1,9,41.2,"93.909530839",67.9,37.3,86.8,19.8
"Lowe, Brandon",664040,2024,26.4,7.8,".335",".343",".318",".424",".437","73.4",30.8,46.5,"89.8",39.6,12.4,6.9,44.7,"94.9549512",80.3,30.7,76.2,32.7
"Larnach, Trevor",663616,2024,22.3,10,".336",".345",".338",".392",".405","72.8",39.2,38.1,"92",36.2,10.1,8.6,45.1,"95.54188573",63.5,25.6,84.7,27.9
"Pasquantino, Vinnie",686469,2024,12.8,7.2,".325",".331",".322",".341",".349","71.7",37.1,57.9,"91",31.9,7.1,8.9,46.5,"94.970921142",66.3,30.7,91.9,14.5
"Doyle, Brenton",686668,2024,25.4,7.6,".328",".329",".315",".410",".412","70.9",34.3,64.6,"89.2",37.4,10.5,6,41.4,"94.67619269",74.5,30,81.1,29.8
"Hernández, Enrique",571771,2024,19.6,6.9,".285",".285",".286",".323",".324","71.7",34,49,"89.6",36,4.8,8,41.5,"93.89398972",69,26.4,82.3,22.9
"Machado, Manny",592518,2024,19.3,7,".340",".338",".325",".399",".397","75.2",31.9,54.3,"92.5",33.8,11,5.9,48.8,"96.17209183",72.4,29.7,83.8,24.4
"Ramírez, Harold",623912,2024,20.3,2,".265",".251",".258",".319",".302","71.7",36.1,24.2,"87",27.5,3.2,2.1,33.9,"93.19999086",68.7,45.3,79.9,31.4
"Gonzales, Nick",693304,2024,19.1,4.7,".307",".317",".314",".356",".370","71.1",32.8,56.4,"87.9",34.1,7.9,4.5,36.9,"93.505191185",78.2,34.1,82.6,24.9
"Slater, Austin",596103,2024,28.3,12.3,".273",".303",".341",".301",".353","71.9",29.7,45.2,"88.2",37.2,3.3,6.6,37.2,"93.491320256",66.2,18.6,73.9,29.8
"Senzel, Nick",669222,2024,22.8,10.5,".273",".298",".314",".302",".339","68.7",32.2,55,"84",38.6,5.7,4.5,26.7,"91.876891724",66.6,24.5,84.1,23.9
"Ward, Taylor",621493,2024,24.6,9.5,".325",".344",".331",".389",".419","69.8",38.4,51.4,"90.9",41.9,13,6.7,42.4,"94.464585641",64.8,20.8,82.3,25.5
"Frelick, Sal",686217,2024,14.9,7.4,".292",".278",".308",".306",".288","66.3",36,41,"83.4",30,0.8,3.5,19.5,"91.272403907",57,25.8,91.2,12.9
"Langford, Wyatt",694671,2024,20.6,9.2,".321",".331",".330",".367",".382","74.5",31.7,55.7,"89.6",31.3,9.3,6.5,43.4,"94.807365599",64.3,23,83.2,22.9
"Lux, Gavin",666158,2024,22.6,9,".310",".318",".330",".360",".372","71.2",32.6,48,"88.3",35,6,7.3,41.1,"93.691033374",66.8,23.1,82.5,23.3
"Nevin, Tyler",663527,2024,23,9,".276",".296",".301",".304",".335","68.4",38.3,57.4,"89.8",37,8.7,7.1,40.8,"93.891727514",69.1,25.9,80.5,25.6
"Devers, Rafael",646240,2024,24.5,11.1,".364",".363",".355",".456",".455","72.5",32.7,59.6,"93.2",35.2,13,8.6,52.6,"97.090537461",73.8,30.4,71.9,30.9
"Chisholm Jr., Jazz",665862,2024,24.5,8.5,".327",".316",".310",".402",".386","71.9",32.5,52.3,"89.7",29.6,9.7,5.8,41.1,"94.459141861",67.1,29.2,75.2,29.3
"Adames, Willy",642715,2024,25.1,10.8,".342",".339",".324",".419",".415","73.6",29,58.5,"88.6",38.2,12,8.6,40.7,"94.108759136",71.2,28.1,78.8,29.5
"Toglia, Michael",669911,2024,32.1,11.8,".329",".358",".334",".444",".496","73.2",31.8,40.8,"92.1",39.2,17.3,8.6,50.2,"96.069366471",66.7,27.3,77.5,34.9
"Adell, Jo",666176,2024,27.9,7.8,".296",".312",".297",".370",".397","76.7",25.1,42.8,"89.8",30.5,11.7,7.4,44.7,"95.748719749",71.5,29.7,78.9,29.8
"Calhoun, Willie",641432,2024,12.2,9.1,".305",".305",".328",".307",".308","69.9",39.7,41.6,"89",30.2,3,5.5,37.7,"93.584500603",64.2,22.9,91.9,13.2
"Ramírez, José",608070,2024,12,7.9,".364",".329",".320",".393",".350","71.5",32.6,63.7,"89.2",34,8.6,8.5,39.7,"93.982319614",68.9,31.7,90.6,15.2
"Naylor, Josh",647304,2024,16.6,9.2,".332",".335",".333",".362",".366","72.9",34.1,45.3,"89.9",30.1,8.4,6.1,40.9,"94.680816725",72.3,32.2,85.4,22.4
"Grandal, Yasmani",518735,2024,18.9,9.9,".308",".325",".321",".338",".362","70.3",42.3,66,"91.1",31.8,9.8,6.4,42.8,"94.442007765",54.1,25.6,84.1,20.1
"Acuña Jr., Ronald",660670,2024,23.9,12.2,".322",".350",".361",".365",".410","76.8",29.6,58.8,"92.2",31.7,9.4,6.5,48.2,"96.113602174",71,21.4,77,27.5
"Benintendi, Andrew",643217,2024,18.4,7.9,".298",".303",".303",".331",".337","68",39.8,55.7,"88",36.5,6.3,8.3,34.4,"92.764984068",69.3,25.1,82.5,21.1
"Crow-Armstrong, Pete",691718,2024,23.9,5.1,".289",".281",".275",".355",".343","70.6",33.7,47.7,"88.9",33.3,7.4,6,36.8,"93.630440766",79.7,41.4,73.2,29.9
"Verdugo, Alex",657077,2024,15,7.9,".283",".302",".309",".296",".320","68.3",39.8,44.6,"88.3",31.6,5.6,6.1,34.9,"93.0881338",61.3,25.5,90.5,15.5
"O'Neill, Tyler",641933,2024,33.6,11.2,".360",".339",".313",".513",".475","75.2",28.3,53.5,"90.9",34.6,17.3,7.9,48.8,"95.797605236",65.2,26.2,75.6,34.1
"Torres, Gleyber",650402,2024,20.5,9.8,".313",".307",".317",".349",".341","70.1",32.8,52.5,"88.6",38.2,6.3,6.1,35.4,"93.36890443",69.2,21.4,81.1,22.9
"Wood, James",695578,2024,28.9,11.6,".342",".348",".355",".439",".450","73.9",33.1,38.3,"92.8",31.3,10.6,6.1,52,"97.028448782",55.3,21,80,29.6
"DeJong, Paul",657557,2024,32.4,4.8,".302",".291",".270",".420",".401","72",27,56.6,"87.8",36.4,10.2,8.5,41.5,"94.174456531",80.6,34.3,73.7,34.9
"Grisham, Trent",663757,2024,27.3,10.5,".295",".305",".302",".351",".367","70.4",39.6,65.3,"90.6",25.6,12,7.2,46.4,"94.648811864",56.9,13.8,79.9,23.3
"Murphy, Sean",669221,2024,25.4,10.2,".281",".308",".303",".323",".364","73.3",31.1,55.7,"88",25.7,9.6,4.2,36.5,"94.022077485",62.4,27.9,78.9,28.4
"Schneemann, Daniel",682177,2024,31.7,11.3,".295",".277",".299",".381",".348","70.7",30.1,53.8,"88.5",41.3,4.8,5.6,38.1,"93.326836825",74.5,24.5,75.5,31.7
"Urías, Ramón",602104,2024,18.3,7.6,".325",".328",".319",".360",".363","70.5",34.7,65.4,"88.3",32.6,8.7,5.5,38.5,"93.627220321",74.2,25.8,79.5,26.8
"Ruiz, Keibert",660688,2024,11.1,3.3,".268",".279",".283",".282",".294","66.4",37.9,55.7,"85.4",32.2,3.2,4.1,25.6,"91.740685858",67.4,38.2,92.8,12.1
"Cruz, Oneil",665833,2024,30.2,8.5,".331",".340",".329",".447",".462","78.5",34.1,42,"95.5",32.1,15.7,4.7,54.9,"98.547881492",63,31.7,76,34.1
"Hays, Austin",669720,2024,23.1,3.5,".303",".287",".285",".368",".344","72.6",33,64.4,"88.9",30.2,6.7,7.8,40.2,"94.347982429",72.6,35.9,81.9,29.1
"Rosario, Amed",642708,2024,21.1,2.6,".299",".280",".278",".363",".337","71.2",31.2,47.8,"86.9",33.5,4.6,3.8,36.2,"93.290414231",72.6,38.8,85.4,24.6
"Cronenworth, Jake",630105,2024,18,9.3,".315",".335",".341",".336",".365","69.5",31.8,36.3,"88.6",35.4,7.8,5.8,36.7,"93.904133654",65.9,23.1,89.1,17.1
"Horwitz, Spencer",687462,2024,18.4,11,".344",".338",".349",".373",".364","69.5",33.5,44.7,"88.2",37.4,8,8.4,36.6,"93.175509618",65.4,25.7,84.5,19.4
"Espinal, Santiago",669289,2024,13.8,6.1,".285",".288",".307",".302",".306","66.5",35.5,49.1,"85.9",35,1.9,4.2,24.1,"91.492088339",68.8,28,90.2,14.8
"Naylor, Bo",666310,2024,31.4,7.5,".269",".260",".260",".354",".340","70.6",31.4,50.2,"88.8",32.6,8.1,6.8,37.7,"93.535266567",65.7,27.2,78.7,28.3
"Hoskins, Rhys",656555,2024,28.8,10.3,".313",".301",".295",".393",".372","71.2",30,57.9,"88.7",29.7,12.7,6.2,42.2,"94.057895065",59.3,25.4,78.8,26.3
"Rortvedt, Ben",666163,2024,26.8,10.4,".283",".267",".295",".329",".303","69.7",32.1,59,"86.2",30.2,3.5,3,30.7,"92.49508965",58.9,27.8,81.6,26.7
"Rengifo, Luis",650859,2024,14.5,5.3,".335",".295",".311",".366",".316","69.7",34.3,52.5,"87",30.4,2.5,5,32.5,"92.548929456",80,35.6,85.4,22.3
"Abreu, Wilyer",677800,2024,28,8.9,".336",".317",".304",".431",".403","74.6",30.7,53.7,"91.6",33.7,11.1,7.5,50.5,"95.552365543",68.4,28.2,76.4,29.6
"McMahon, Ryan",641857,2024,28.7,10.7,".315",".325",".329",".400",".417","72.5",31.3,41.3,"92.1",36.5,10.9,7,49.7,"96.057260524",65.6,26.5,77.6,30
"Biggio, Cavan",624415,2024,32.1,10.7,".285",".256",".298",".348",".293","66.8",24.7,48.7,"82",37.3,2.5,5.9,16.9,"90.564125877",55.4,18.1,83.9,23.8
"Higashioka, Kyle",543309,2024,28.1,5.7,".314",".298",".264",".416",".391","71.8",31.4,61.6,"88.4",40.2,10.9,9.2,37.4,"93.902030409",64.8,28.1,82.5,25.6
"Gelof, Zack",680869,2024,34.4,6.9,".276",".271",".262",".386",".377","71.6",30.4,54.8,"89.2",34.4,8.8,6.3,37.2,"93.611147032",72.1,29.7,73.5,36.4
"Casas, Triston",671213,2024,31.7,12.3,".342",".330",".319",".468",".446","74.6",28.9,52.2,"90.2",35.6,13.3,7.4,45.2,"95.112485926",65.8,23.1,74,32.2
"Schuemann, Max",680474,2024,25.9,10.2,".281",".296",".315",".321",".345","68.3",38.7,61.5,"89",39.5,5.6,7,37.4,"93.097394065",62.8,21.4,77,28.5
"McCarthy, Jake",664983,2024,15.8,6.3,".329",".311",".333",".355",".331","67.3",31.8,49.9,"84.5",30.4,2.7,4.3,24.5,"91.834529486",67,31.1,91.1,17.6
"Turang, Brice",668930,2024,17,8.1,".294",".297",".323",".318",".322","66.2",33.8,25.9,"87",32,2.4,2.6,29.7,"92.521821874",64.4,28.4,88.4,13.8
"Lee, Korey",686676,2024,31,4.3,".257",".256",".246",".351",".350","71.4",30.1,51,"88.3",34.1,7.5,4.7,37.6,"93.7992936",80.2,35.3,71,37.1
"Raley, Luke",670042,2024,29.7,5.9,".339",".316",".301",".445",".406","75",27,61.8,"90.1",31.5,11,8.1,41.8,"95.042152538",75.2,27.9,76.2,34.5
"Schanuel, Nolan",694384,2024,17,11.2,".315",".318",".348",".324",".327","65.2",36.5,46.3,"86.1",36.4,3.5,4,25.4,"91.662606993",62.1,21.5,89.5,14.4
"Arcia, Orlando",606115,2024,21.3,6.8,".273",".261",".263",".313",".297","70.9",34.2,62.7,"88.2",29.9,5.3,6.5,37.8,"93.283896472",70.8,27.6,82.3,26.6
"Mullins II, Cedric",656775,2024,19.6,8.2,".310",".291",".298",".347",".320","71",28.5,60.3,"87.1",31.7,4.9,5.4,33.4,"92.89369311",73.3,28.1,84.3,19.1
"Rojas, Josh",668942,2024,22.7,9.7,".286",".293",".304",".322",".333","66.6",37.5,49,"88.2",35.6,5.7,7.9,38.2,"93.225198599",66.9,22,83.2,24.4
"McCann, James",543510,2024,24,5.6,".288",".313",".296",".351",".387","70.7",31.5,46.1,"87.4",38.9,8.6,9.3,37.7,"93.644913774",69.6,33.4,81.5,27.6
"Valdez, Enmanuel",665839,2024,23.8,7.6,".275",".304",".292",".325",".368","70.4",32.5,63.3,"89.4",32,9.2,5.9,41.8,"94.1331724",60.5,28.6,85,22.1
"Perdomo, Geraldo",672695,2024,14.9,9.3,".317",".281",".307",".331",".282","66.9",38.4,50.7,"87",28.9,3.1,3.1,25.8,"92.044093913",58.9,19.3,89.6,12.2
"Gordon, Nick",624503,2024,24.4,4,".271",".263",".252",".338",".327","68.2",32.9,45.9,"86.1",34.7,6.1,3.1,29.6,"92.321775928",78.6,42.4,76.4,32
"Holliday, Jackson",702616,2024,33.2,7.2,".251",".258",".256",".332",".344","71.2",35,54.6,"89.3",27,8.2,9.8,45.1,"94.576202541",65.6,27.2,75.3,34.1
"Ohtani, Shohei",660271,2024,22.2,11.1,".431",".442",".396",".534",".551","76.3",38.6,51.6,"95.8",37.8,21.5,9,60.1,"98.772122364",69.7,26.6,76.9,29.8
"Neto, Zach",687263,2024,23.3,6.5,".330",".317",".307",".395",".376","71",33.8,56.5,"88.5",29,8.4,8.4,38.8,"94.28058907",67.9,31.3,81.7,27.1
"Brennan, Will",686823,2024,13.6,5.4,".303",".302",".314",".326",".326","69",34.2,43.7,"86",31.1,4.6,4.2,32.5,"92.582691388",75.1,33.7,86.6,18.1
"Judge, Aaron",592450,2024,24.3,18.9,".476",".479",".449",".617",".623","77.1",33.8,51.3,"96.2",40.8,26.9,8.5,61,"99.103701521",67.4,18.7,77.3,30.7
"Merrill, Jackson",701538,2024,17,4.9,".352",".369",".334",".408",".430","72.2",30.6,41.9,"90.4",39.6,11.3,7.8,43.9,"94.735707484",80,34.4,85.8,20.5
"Ibáñez, Andy",628451,2024,25.8,6.1,".287",".268",".274",".353",".324","70.1",34.7,47.2,"88.1",33.7,4.9,5.5,33.1,"93.096095644",73.6,32.4,78.1,30.8
"Turner, Justin",457759,2024,17.6,10.9,".327",".328",".352",".341",".343","65.1",32.5,52.3,"87.1",40.1,4.6,6.7,32.5,"92.434680753",65.7,25.1,88.5,17
"Suwinski, Jack",669261,2024,28.5,9.7,".260",".292",".299",".315",".367","73.3",27,41.8,"88.9",28.8,8.8,4.7,38.2,"94.49330497",67.5,22.9,81.7,27.4
"Correa, Carlos",621043,2024,16.6,10.9,".385",".355",".359",".429",".387","74.5",32.2,45.2,"90.3",34.4,9.2,7.6,44.7,"95.462669198",65.5,25.5,86.5,20.4
"García, Luis",671277,2024,16.3,5.1,".328",".331",".315",".374",".379","71.7",35.2,61.1,"89.1",32.8,8,5.8,41.7,"94.249397672",69,36,86.8,21.3
"Greene, Riley",682985,2024,26.7,11,".355",".353",".341",".448",".445","74.7",30.7,43.6,"91.3",39.1,13.4,8.1,47.1,"95.54007409",66.3,23.1,80.6,26.8
"Anderson, Tim",641313,2024,28.2,2.9,".208",".230",".238",".272",".305","69.7",28,50.9,"86.1",29.5,1.8,4.8,30.1,"92.531306303",71,38,77.2,30.6
"Suárez, Eugenio",553993,2024,27.5,7.7,".337",".330",".314",".433",".421","72.2",30.7,50.2,"89.1",40.4,11.3,8.9,42.4,"94.463438988",66.9,27,81.2,29.1
"Massey, Michael",686681,2024,15.7,4.2,".317",".309",".295",".357",".347","70.9",35.9,61.9,"89.2",34.4,7.1,7.1,36.9,"93.36810777",67.3,37.4,91.3,17.9
"Andujar, Miguel",609280,2024,13.2,4.1,".306",".282",".296",".331",".301","71.6",31,57.6,"86.1",26.1,2.7,3.1,33.7,"92.955361494",66.2,35.8,93,16
"Happ, Ian",664023,2024,25.6,12.2,".341",".345",".342",".409",".416","72.4",31.8,44.1,"90.8",37,11.7,7.7,45.2,"95.287992294",67.8,23.2,78.5,27.9
"Chapman, Matt",656305,2024,24.4,9.9,".340",".341",".332",".412",".414","76.6",28.1,51.5,"93.2",31.3,12.6,8.1,48.3,"96.727633301",63.5,24.2,81.1,23.5
"Canha, Mark",592192,2024,20.8,11,".310",".288",".322",".329",".296","68.4",36.5,60.8,"88.4",31.5,3.3,5,37.4,"93.219326921",59.4,23.6,82.8,21.8
"Hampson, Garrett",641658,2024,25.5,6.1,".255",".244",".254",".313",".296","69",31.4,55,"86",31.6,4.4,5.7,30.4,"92.472205166",66.1,26.3,81.1,22.9
"Castellanos, Nick",592206,2024,21.1,6.2,".321",".333",".327",".377",".395","71.9",33.3,47.2,"88.4",39,8.1,6.8,38.2,"93.738511581",79,37.8,80.6,30.1
"Winn, Masyn",691026,2024,17.1,6.4,".315",".293",".305",".355",".326","70.2",32.2,39.8,"87",33.5,3.7,6.4,32.7,"93.085870398",62.7,30.4,86.1,19
"Rodgers, Brendan",663898,2024,24.5,5.8,".314",".295",".297",".390",".364","71.7",31.5,39.9,"89.3",33.1,5.6,7,44.1,"94.773964417",69.2,29.1,84.8,25.9
"Alonso, Pete",624413,2024,24.7,10.1,".340",".343",".332",".409",".414","75.2",29.6,56.3,"89.8",30.5,13.2,6.6,46.4,"95.699086105",61,25.9,85.9,24.7
"Tauchman, Mike",643565,2024,20,13.4,".325",".327",".350",".343",".346","69.3",30.6,42,"89",34.9,7.4,4.8,41,"93.788317412",69.6,22.7,81.4,22.5
"Taveras, Leody",665750,2024,21.2,7.9,".282",".295",".301",".321",".340","71.3",32.7,37.8,"89",31.5,5.9,5.3,35.5,"93.650113205",69.5,29,81.8,26.2
"Altuve, Jose",514888,2024,17.4,6.9,".344",".316",".321",".389",".352","69.4",33.2,49.4,"86.5",35.4,6.5,3.9,31.2,"92.693762581",68.6,37.3,86.5,22.1
"García, Adolis",666969,2024,27.8,7.1,".296",".306",".289",".376",".393","72",33.4,58.2,"91",33.7,12.5,6.6,48.2,"95.435631691",74.9,33.6,75.1,34.3
"Ramos, Heliot",671218,2024,26.1,7.1,".339",".338",".307",".434",".434","75.2",29.8,46.7,"91.5",34.3,14.5,5.5,47.5,"95.895956716",72.3,29.9,81.7,28.7
"Meadows, Parker",678009,2024,25.5,8.4,".321",".298",".297",".397",".362","70.5",31.3,50.4,"87",34.7,7.7,6.1,32.3,"93.056795751",65.9,25.8,83.1,27
"Duvall, Adam",594807,2024,30,6.4,".252",".283",".260",".317",".368","72.4",26.7,58.3,"86.9",27.8,10.7,4.9,36.6,"93.950920683",65.4,33.5,84.2,27.7
"Arenado, Nolan",571448,2024,14.5,6.9,".314",".296",".312",".336",".313","70.7",32.3,55.8,"86.3",35.9,3.2,5.1,31.6,"92.483246402",63.9,30,90.2,17.2
"Rooker Jr., Brent",667670,2024,28.8,9.6,".392",".380",".341",".530",".510","73.7",32.5,47.3,"91.9",38.3,16.6,8.6,49.6,"96.193453235",72.6,31,78.9,34.1
"Bohm, Alec",664761,2024,14.2,6.6,".335",".342",".342",".363",".372","72.2",39.1,50.8,"90.4",35.2,6.8,9.1,45.6,"94.781662669",71.1,27.2,89.5,17.6
"Abrams, CJ",682928,2024,21.3,6.6,".322",".319",".318",".373",".370","72.2",31.9,61.9,"88.2",33,6.9,9.6,40.7,"93.910198048",70.5,35.4,81.3,24.7
"Palacios, Richie",680700,2024,21.2,14.2,".303",".325",".369",".311",".346","68.9",29.6,55.6,"86.2",36.4,3.5,4.5,30.3,"92.444278274",70.7,23.5,81.8,24.7
"De La Cruz, Bryan",650559,2024,27.3,4.7,".283",".302",".280",".367",".396","71.8",32.7,52.9,"89.6",35.6,9.3,6.4,41.3,"94.22196445",75.3,32.6,77.6,30.1
"Drury, Brandon",592273,2024,22.5,7.5,".217",".259",".276",".226",".288","72.6",28.1,55.9,"87.6",25.9,3.6,6.1,35.6,"93.550623821",66.2,26.5,81.7,24.4
"Díaz, Elias",553869,2024,19.7,5.7,".303",".280",".293",".350",".319","73.9",26.2,45.4,"87.1",31,4.7,4.3,34.5,"93.543152344",76.1,33.2,81.6,27.8
"Meyers, Jake",676694,2024,22.8,6.8,".285",".304",".303",".327",".355","68.6",31.6,45.2,"88.2",34.8,6.8,8.3,37,"93.726741906",68.1,31.2,83.2,27
"Dubón, Mauricio",643289,2024,12.9,3.7,".286",".272",".281",".310",".293","69.4",33.2,43.4,"86.1",30.4,2.8,3.1,26.5,"92.011502977",79.4,41.2,83.7,18.8
"Robert Jr., Luis",673357,2024,33.2,6.6,".285",".279",".269",".399",".389","74.5",28.2,49.1,"90.1",35.6,9.9,5.1,40.7,"94.886076944",72.7,35.9,76.6,36.1
"Rogers, Jake",668670,2024,29.4,6.5,".264",".297",".276",".339",".391","70.7",38.8,55.1,"89",32.9,9.9,9.4,41.8,"93.973828585",68.3,25.9,75.2,32.7
"O'Hoppe, Logan",681351,2024,29.7,6.3,".311",".331",".310",".411",".442","70.7",32.9,54.3,"90.4",42.9,12,7.1,46.3,"95.0870388",72.4,34,77.3,33.6
"Grichuk, Randal",545341,2024,16.5,7.2,".373",".359",".338",".420",".401","73.7",34.7,62.6,"90.6",34.3,11,7.6,47.6,"95.601048095",67.6,28.6,88.7,20.4
"Jeffers, Ryan",680777,2024,20.2,6.9,".317",".304",".302",".354",".336","72.9",27.4,54.2,"86.9",31.7,8.3,5.8,33.8,"93.57098291",64.1,34.3,84,23.6
"Alvarez, Yordan",670541,2024,15,10.9,".402",".411",".389",".444",".457","76.5",34.3,42.1,"93.1",35.4,14.5,7.6,49.7,"96.703519522",68,30.5,88.5,19.9
"LeMahieu, DJ",518934,2024,15.4,8.3,".239",".299",".310",".235",".315","67.3",38.5,53,"88.5",31.8,5.8,7.5,37.6,"93.240584302",59.5,29.1,91.1,17.5
"Amaya, Miguel",665804,2024,17.1,6.3,".283",".300",".306",".307",".329","72.9",29.4,53.3,"88.4",33.9,4.7,6.9,33.9,"93.708861353",74.2,33.6,85.9,22.5
"Caballero, José",676609,2024,27.5,5.6,".277",".264",".274",".348",".328","69.7",28.2,53.8,"83.7",33.8,5.1,4.8,25.2,"92.133024917",66.7,35,81.3,28.9
"India, Jonathan",663697,2024,19.6,12.6,".333",".352",".376",".351",".380","71.7",30.7,48.4,"87.2",39.3,7.7,5.8,36.5,"93.547150797",57.6,18.4,87.6,19.2
"Donovan, Brendan",680977,2024,12.4,7.2,".332",".335",".343",".342",".346","69.6",40.5,49.6,"88.7",36.6,5.5,6.5,37.6,"93.418618597",63.7,23.7,90.7,15.1
"Lowe, Josh",666139,2024,31.8,8.3,".299",".295",".292",".410",".403","73.3",28.2,48,"90.8",37.9,10.3,6.5,46.1,"94.928910905",69.5,33.3,73.7,31.9
"Refsnyder, Rob",608701,2024,25.4,9.1,".358",".326",".333",".448",".399","72.8",31.3,60.2,"89.6",32.8,9.7,4.6,43.1,"95.034267165",65.9,24.7,79.2,28.1
"Bader, Harrison",664056,2024,21.7,4.8,".285",".294",".292",".335",".348","71.2",33.4,54,"87.2",33.9,6.4,4.5,35.5,"93.420801022",59.8,33.6,85.8,24.5
"Busch, Michael",683737,2024,28.6,11.1,".336",".319",".309",".428",".399","70.3",35,43.9,"89.9",36.4,11.2,6.5,39.9,"94.35127744",68.6,23.2,79.6,28.4
"Mateo, Jorge",622761,2024,23.1,4.8,".286",".271",".270",".349",".328","72.5",28.7,45.8,"88.1",30.2,4,7.4,34.9,"94.060455208",70.3,33.4,84.3,23.1
"Bogaerts, Xander",593428,2024,17.1,6,".300",".305",".308",".335",".342","70.7",37,53.9,"88.1",32.1,5.1,3.4,33.2,"93.133969802",59.8,25.8,88.6,18.3
"Thomas, Lane",657041,2024,25.9,8.3,".309",".307",".315",".377",".374","71.7",32.7,60.1,"88.8",31.5,7.4,7.1,40.6,"94.3557595",64,22.9,82.8,23.3
"Peña, Jeremy",665161,2024,17.1,3.8,".305",".310",".308",".343",".349","72.6",33.8,55.5,"88.2",29.2,5.4,5.4,38.8,"93.74168435",72.9,36.9,87.3,24.9
"Crawford, J.P.",641487,2024,22.6,11.5,".283",".309",".326",".301",".341","71.9",29,41.3,"87.5",30.2,6.5,6.5,37.8,"93.58355108",61.9,18.2,83.7,20.2
"Siri, Jose",642350,2024,37.9,6.9,".271",".297",".269",".398",".446","72.5",27.3,50,"87.5",35.7,14.7,8.8,41.6,"94.47103983",67.1,35.2,66.6,41.9
"Yastrzemski, Mike",573262,2024,26.2,8,".319",".301",".292",".396",".369","70.9",35.8,66.2,"90.4",33,10.5,6.5,41,"94.186783411",63.7,23.8,79.4,26.1
"Edwards, Xavier",669364,2024,17.2,10.9,".359",".296",".333",".396",".309","64.5",37.4,37,"86.1",37.6,1.8,3.7,24.3,"91.536547476",70.2,24.8,86.5,16.9
"Stallings, Jacob",607732,2024,23.1,9.6,".353",".318",".334",".413",".360","67.6",36.3,50.8,"86.6",38.9,7.2,7.2,34.4,"92.986677006",64.4,25.5,79.3,29.8
"McCormick, Chas",676801,2024,27,6.4,".257",".285",".284",".311",".353","70.8",28.8,42.3,"86.2",32.2,7.5,4,32.8,"93.001741775",74.4,33.6,74.4,31.3
"Lindor, Francisco",596019,2024,18.4,8.1,".363",".379",".353",".411",".433","72.4",37.3,56,"90.9",35.4,13.6,5.7,47.4,"95.07615815",69.9,26.3,81.9,23.7
"Stowers, Kyle",669065,2024,35.4,6.2,".265",".290",".284",".372",".417","73.7",26.9,47.1,"91",36.1,10.9,8.4,51.3,"95.709246525",78.5,32.6,72.9,36.1
"Ozuna, Marcell",542303,2024,24.7,10.8,".395",".402",".368",".496",".508","74",33.9,53.2,"92.1",40.5,15.5,11.4,53.4,"96.489686128",72.5,26.5,77.4,31.4
"Castro, Willi",650489,2024,23.6,8,".317",".320",".332",".366",".371","70.6",29,45.9,"87.4",39,7,8,36.8,"93.501303852",72.7,31.7,82.2,29
"Pages, Andy",681624,2024,24.4,6.5,".310",".321",".311",".377",".394","73.1",28.1,50.7,"88.6",40.8,10.7,6.4,40.1,"94.262423423",71,30.7,80.5,26.1
"Lopez, Otto",672640,2024,17.3,5.8,".302",".313",".317",".341",".354","70.7",37.9,48.1,"88",30.4,5.1,4.8,38.9,"93.902266182",70.4,32,87.1,21.9
"Vientos, Mark",668901,2024,29.7,7.3,".356",".331",".305",".483",".444","71.8",35.5,57.5,"91.2",34.6,14.1,7.1,46.6,"95.741575567",68.5,32.3,75,34.4
"Pham, Tommy",502054,2024,22.2,7.3,".297",".319",".320",".347",".379","72.6",36.8,53.5,"90.4",32.2,7.2,7.8,42.7,"94.883209671",59.8,18.7,84.1,22.5
"Burleson, Alec",676475,2024,12.8,5.9,".319",".329",".320",".339",".351","71.2",37.1,54.9,"89.7",34.3,6.5,7.1,41.7,"94.012155751",77.6,34.5,86.5,19.2
"Burger, Jake",669394,2024,25.9,5.4,".325",".338",".307",".415",".433","74.7",33.4,54.8,"91.3",32.4,12.3,7.7,46.8,"96.171144407",70.1,36.5,81.1,30.1
"Kwan, Steven",680757,2024,9.4,9.8,".349",".333",".361",".345",".325","64.4",41.7,36.6,"86.3",38.5,2.6,5.3,23.7,"91.531639359",57.6,19.2,95.3,8.2
"Moore, Dylan",664238,2024,27.9,12,".306",".297",".323",".353",".338","73",27,62,"88.4",38.2,8.8,6,36.3,"93.44884728",65.3,17.7,80.4,24.8
"Stephenson, Tyler",663886,2024,22.7,9.3,".339",".322",".325",".400",".373","70.8",37.5,52.5,"90.2",33,9.1,6.1,43.9,"94.587176774",63.4,23.7,86.8,22.7
"Jansen, Danny",643376,2024,18.8,12.3,".294",".289",".306",".298",".291","69",34.6,65.9,"86.6",34.1,6.4,5.9,29.7,"92.627349132",61.8,20.3,85.3,20.9
"Suzuki, Seiya",673548,2024,27.4,10.8,".365",".346",".343",".468",".437","73",33.4,47.3,"91.7",38.8,11.5,10.1,49.2,"95.834191408",59.6,20.7,83.4,24.5
"Carlson, Dylan",666185,2024,28.3,8.3,".257",".250",".276",".303",".292","68.5",29.2,52.3,"86.8",30.1,2.5,8,25.8,"92.297463602",70.5,24.8,73.5,31
"Fry, David",681807,2024,21.4,10.7,".347",".326",".344",".397",".365","70.5",29.2,62.4,"88.3",36.9,7.5,6.3,37.6,"93.715471417",71,28,83.8,24.8
"Grossman, Robbie",543257,2024,23.7,13.9,".283",".292",".328",".298",".311","67.5",37.1,49.2,"86.3",30.3,3.3,4.6,27.6,"92.054845855",57,15.7,82.3,22.7
"Duran, Ezequiel",677649,2024,22.1,4.9,".270",".252",".258",".319",".295","72.6",29,46.1,"87.1",28.2,3.4,6.3,35.9,"93.37676239",74,39.3,84.5,24.7
"Rivera, Emmanuel",656896,2024,22.8,8.6,".291",".318",".328",".329",".369","69.6",37.9,49.5,"89.7",33.7,7.9,5.9,44.1,"94.404966716",70.8,28.9,81.7,28.3
"Rutschman, Adley",668939,2024,16.1,9.1,".309",".315",".325",".330",".339","69.1",35.7,48.6,"88.2",35.4,6.1,4.8,36.6,"93.149039684",60.1,28.9,87.9,17.1
"Olson, Matt",621566,2024,24.8,10.4,".339",".341",".336",".411",".414","73.8",26.5,44.5,"91.5",35.4,12.4,7.4,47.4,"95.899543218",72.3,28.7,78,26.3
"Vargas, Ildemaro",545121,2024,10.2,6.3,".271",".280",".305",".269",".280","69.6",40.2,44.2,"87",29.5,1.2,4,31.9,"92.579283167",62.8,30.1,91.5,12.6
"Soto, Juan",665742,2024,16.7,18.1,".421",".462",".445",".453",".517","75.4",39.3,60.8,"94.2",35.4,19.7,6.3,57,"97.994705143",59,18.3,84.3,21.5
"Polanco, Jorge",593871,2024,29.3,9.8,".288",".309",".308",".360",".395","69.7",31.9,47.1,"88.3",35.9,8.9,5.3,37.4,"93.755834657",66.3,24,77.4,28.1
"Stanton, Giancarlo",519317,2024,31.2,8.3,".330",".352",".315",".451",".489","81.2",29.9,60.4,"94.6",34.8,20.7,6.5,55.3,"99.180033333",63.6,31,74.9,34.4
"Triolo, Jared",669707,2024,26.5,9.4,".275",".292",".309",".320",".347","70.5",30.3,51.2,"88.4",38.8,5.3,5,39.1,"93.892534424",70,25.1,79.6,27.4
"Rojas, Miguel",500743,2024,10.1,6.8,".327",".310",".335",".333",".312","67.9",37.2,37.7,"85",33.2,2.5,2.2,27.8,"92.174445609",65.3,27.3,90.8,13.9
"Yepez, Juan",660766,2024,16.9,7.2,".331",".295",".310",".369",".322","70.5",30.9,53,"86.6",30.3,5.9,5.3,35.6,"93.111621613",70.9,32.5,84.4,22.1
"Lopez, Nicky",670032,2024,15.1,8.3,".275",".268",".299",".279",".270","64.2",39.7,60.3,"85",30,1.5,1.5,16.9,"91.042138226",68.6,27.9,86,19.4
"Fraley, Jake",641584,2024,18.3,6.8,".314",".285",".304",".353",".313","71.8",25.8,37.1,"84.3",34.6,3.2,3.5,24.7,"91.891008399",81.2,31.6,84.3,21.3
"Bichette, Bo",666182,2024,19,6,".264",".303",".307",".293",".347","70.4",32.7,31.9,"89.2",31.3,4.4,7.2,43.5,"94.778862816",76.3,37.1,88.6,22
"Velázquez, Nelson",676369,2024,26.5,8.3,".280",".304",".291",".335",".373","73.4",31.9,62.3,"88.2",29.9,8.8,6.8,38.1,"93.836443129",70.6,25.6,76.7,35.5
"Montero, Elehuris",660707,2024,22.7,8.1,".254",".269",".274",".286",".308","75.1",28.6,38.8,"89.5",27.5,7.6,6.4,41.5,"94.67846193",72.3,39.3,85.9,30.3
"Mountcastle, Ryan",663624,2024,22.5,5.3,".316",".332",".313",".385",".408","75.1",27.5,36.2,"90.8",36.2,8.8,7.9,45.2,"95.370233104",75.8,38,83.8,25.1
"Vargas, Miguel",678246,2024,24.1,10.5,".233",".260",".276",".235",".278","69.8",28.7,62.2,"86.2",28.9,4.6,4.6,26.3,"92.025289013",67.3,21.8,79.7,21.6
"Tatis Jr., Fernando",665487,2024,21.9,7.3,".359",".387",".360",".429",".470","74.7",37.4,58,"93.5",33.7,14.5,6.9,55.8,"97.109953874",74.4,28.2,80.2,28.1
"Soderstrom, Tyler",691016,2024,24.9,9.4,".322",".348",".323",".387",".427","74.4",35.1,52,"91.9",31.4,14.6,9.5,49.6,"95.728140219",69.1,29.2,81.2,30.1
"Arozarena, Randy",668227,2024,26.1,11.3,".320",".324",".335",".368",".375","72.7",32.9,69.6,"90.4",28.4,8.3,7,43.5,"94.731331384",59.5,24.3,75,29.7
"Marsh, Brandon",669016,2024,32.4,10.5,".326",".324",".321",".442",".439","71.9",33.3,41.7,"91.6",40.7,10,11.9,47.4,"95.182442734",61.4,23.7,83.5,27.5
"Carroll, Corbin",682998,2024,19,10.7,".325",".324",".334",".350",".349","73.7",34.9,53,"89.3",27.8,7.2,7,40.8,"94.755672366",59.8,24.9,85.8,20.3
"Lowe, Nathaniel",663993,2024,22.1,12.6,".337",".328",".352",".381",".368","73.3",28.3,50.3,"88.9",32.6,5.8,6.8,40,"94.330442369",62.8,23.5,87.7,20.6
"De La Cruz, Elly",682829,2024,31.3,9.9,".349",".328",".322",".476",".440","75.2",31.7,52.8,"91.8",35.7,12.7,6.2,45.7,"95.90272362",61.7,26.9,75.6,33.4
"Seager, Corey",608369,2024,18,9.9,".365",".390",".364",".418",".453","72.3",33.3,51.3,"92.1",38.6,15.2,9.7,50.7,"96.157523456",79.5,27.8,86.5,23.4
"Goldschmidt, Paul",502671,2024,26.5,7.2,".310",".329",".311",".393",".423","72.5",33.5,53.4,"91.2",34.3,10.7,8.9,49.6,"95.666428146",65.1,29.5,77.9,27.4
"Albies, Ozzie",645277,2024,14.9,6.2,".307",".302",".301",".329",".323","69.1",33.1,58,"88.4",33.4,6.2,4.7,32,"92.617553798",82.6,33.6,84.4,20.5
"Rodríguez, Julio",677594,2024,25.4,6.2,".321",".344",".327",".403",".437","76.3",29.6,47.2,"91.7",33.2,10.2,6.1,48.4,"96.325344116",74.7,37.3,78.8,30.9
"Kelenic, Jarred",672284,2024,29.6,7.1,".294",".308",".296",".388",".409","72.7",34.8,55.6,"89.8",38.2,9.9,8.8,45.2,"94.504780603",69.2,29.8,76.7,33.4
"Kiermaier, Kevin",595281,2024,30.6,4.3,".241",".232",".237",".323",".310","70.4",35.2,40.9,"86.4",27.6,3.9,5,30,"92.874723706",76.3,33.1,69.2,37.5
"Fitzgerald, Tyler",666149,2024,31.7,6.5,".357",".292",".286",".501",".395","70.5",31.6,44,"87.7",39.1,8.2,4.8,31.9,"92.79850055",67.9,26.9,75.3,31.2
"Solano, Donovan",456781,2024,21,7.1,".333",".307",".317",".391",".354","67.1",32,45.4,"87.3",37,3.7,7.3,37.4,"93.167454908",63.8,29.6,86.4,23.5
"Benson, Will",666181,2024,39.7,10.3,".285",".268",".268",".426",".392","72.1",25.8,54,"89.4",36.5,11.5,4.7,40.1,"94.123444",71.2,22,68.4,39
"Merrifield, Whit",593160,2024,15.5,10.4,".283",".295",".329",".280",".296","63.4",32.1,47.6,"84.1",34.3,2.4,3.3,21.6,"91.220749372",66.2,25.8,87.8,18.7
"Siani, Michael",672279,2024,27.5,6.3,".257",".243",".265",".320",".299","68.9",32.2,44,"84.4",32.6,2.3,2.3,22.6,"91.898789433",64.8,29.2,74.6,29.5
"Rocchio, Brayan",677587,2024,20.4,10,".276",".275",".302",".288",".287","69.5",30.5,51.2,"84.6",36,4,4,22.3,"91.872068403",68.3,29.9,80.6,24.3
"Giménez, Andrés",665926,2024,15.3,4.1,".281",".296",".310",".303",".322","68.3",31.7,51.5,"86.3",32.7,2.8,4.4,28.5,"92.262342361",74.6,37.4,83.3,22.8
"Winker, Jesse",608385,2024,20.9,12.4,".338",".329",".353",".370",".357","69.5",32.3,59.7,"88.6",30.1,7.6,3.3,37.4,"93.570274815",64.7,19,84.9,19.6
"Meneses, Joey",608841,2024,20.1,6.7,".264",".275",".288",".290",".305","70.4",34.4,51.2,"88.9",30.8,4.5,8,39.3,"93.867431839",69.1,32.8,87.2,22.9
"Isbel, Kyle",664728,2024,20.7,6.3,".286",".281",".293",".327",".320","70.8",33.7,42.8,"88.1",24.8,3.9,3.6,36.3,"93.787078878",60.9,30.9,89.7,19.3
"McNeil, Jeff",643446,2024,14.4,7.4,".304",".288",".306",".314",".294","68.8",32.5,48.3,"87",32.2,3.1,6.1,31.1,"92.484410197",78.4,30.7,87.9,17.5
"d'Arnaud, Travis",518595,2024,26.1,7,".319",".322",".305",".396",".402","71.4",31.1,57,"89.9",32.9,10.4,7.2,41,"94.672343091",74.5,27.3,73.6,32.8
"Bruján, Vidal",660644,2024,19.4,9,".276",".262",".299",".296",".277","66.9",31.6,47.7,"85.1",29.7,1.5,4.1,22.6,"91.616436508",73.9,28.3,82.5,24.4
"Swanson, Dansby",621020,2024,24.3,9.1,".307",".321",".316",".366",".388","71.7",33.4,55.9,"89.4",32.6,9.2,7.9,42.7,"94.404024529",71,24,77.3,28.7
"Bell, Josh",605137,2024,19.9,8.5,".317",".307",".307",".357",".343","70.4",36.1,53.4,"88.9",31.4,7.6,6.2,40.1,"94.16958744",73.4,27.4,81.2,26.8
"Lipscomb III, Trey",702358,2024,19,7.6,".231",".267",".296",".237",".287","69.8",33.3,35.1,"86.5",23,0.7,3.9,31.6,"92.984215",68.7,32.8,84.3,25.3
"Yoshida, Masataka",807799,2024,12.4,6.4,".336",".322",".331",".344",".326","70.9",34.1,44.8,"88",36.3,5.5,7.3,37.5,"93.581912866",64.7,25.2,91.3,14.6
"Bride, Jonah",681146,2024,20.2,11,".351",".297",".319",".397",".317","67.9",35.5,61.9,"87.1",29.9,5.4,4.3,33.7,"92.857149348",52.1,23.9,87.9,16.7
"Vierling, Matt",663837,2024,21.3,7.2,".317",".309",".313",".373",".362","71.1",36.1,50.8,"89.8",34.1,7.5,5.5,40.9,"94.344722247",62.1,22,87,19.5
"Young, Jacob",696285,2024,19.6,5.8,".290",".286",".314",".323",".319","68.2",35.7,51.3,"85.8",28.1,1.6,2.9,28.9,"92.486924676",60.3,27.8,84.8,19.3
"Kepler, Max",596146,2024,20.1,5.5,".298",".301",".300",".343",".348","71.4",32.9,44,"88.9",35.4,6.2,7.2,36.8,"93.867541875",74.3,30.5,84.6,24.4
"Freeman, Freddie",518692,2024,15.7,12.2,".365",".367",".377",".389",".391","69.8",33.3,40.3,"89.4",43.1,9.1,8.4,41.8,"94.527301044",73.7,26.6,83.4,20.2
"Jones, Nolan",666134,2024,30.6,12.1,".287",".287",".310",".358",".358","70.7",31.3,36.2,"88.2",34.3,5.9,6.5,44.4,"94.528500893",55.7,23,79.3,25.6
"Marte, Ketel",606466,2024,18.2,11.1,".391",".392",".378",".446",".447","73.7",38.1,53.6,"94",33.7,12.3,7.4,53.8,"96.920444406",71.3,26,85.6,21.3
"Vaughn, Andrew",683734,2024,21.3,6.1,".304",".319",".297",".356",".378","70.8",35.4,57.4,"90.3",33.6,9.3,8.4,43.3,"94.702971332",66.7,33,88.2,22
"Steer, Spencer",668715,2024,20.9,11,".316",".315",".328",".348",".345","71.6",32.5,53.1,"88",34.2,6.4,7.7,39.9,"93.708755492",64.8,24.8,86.6,23.1
"Hernández, Teoscar",606192,2024,28.8,8.1,".360",".346",".320",".480",".458","73.2",29.6,51.5,"90.6",33.8,14.9,7.5,46.8,"95.689116559",74.7,28.7,75,34
"Harris II, Michael",671739,2024,20,4.9,".312",".344",".326",".368",".410","74.7",30.7,49.5,"90.5",33.5,10,8.3,47,"96.053474224",69.7,39.6,81.5,25.1
"Alvarez, Francisco",682626,2024,25.1,8.8,".310",".289",".292",".374",".343","73.5",31.3,42.3,"88.8",27.2,6.7,6.7,42,"94.784205516",64.2,28.9,79.4,29.6
"Paredes, Isaac",670623,2024,16.4,11.9,".327",".304",".333",".329",".295","68.2",28.9,53,"85",37,4.5,7.2,27.1,"91.952619865",64.7,26.5,89,17.2
"Singleton, Jon",572138,2024,27.4,11.6,".312",".310",".317",".380",".378","72.1",35.4,58.6,"88.7",34.8,8.9,4.5,37.2,"93.99841",59.9,22.6,78.8,30.1
"Witt Jr., Bobby",677951,2024,15,8,".410",".407",".378",".461",".457","74.7",34.9,48.5,"92.7",35.7,14.3,5.6,48.3,"96.499868141",72.3,32.1,84.8,22.3
"Walls, Taylor",670764,2024,26.6,12.3,".245",".252",".284",".262",".274","67.3",32.5,59.9,"86.1",29.9,3.2,5.2,24,"91.544710263",69.3,20.3,80.3,25
"Lewis, Royce",668904,2024,22.8,8.6,".317",".318",".306",".379",".380","73.3",26.6,57.2,"87.1",36.3,11.2,5.4,37.7,"93.856491441",72.8,33.3,80.6,27
"Toro, Abraham",647351,2024,17,5.5,".283",".291",".297",".311",".322","69.6",36.2,56.6,"87.2",33.2,4.3,5.4,29.6,"92.798620509",65.7,30.9,89.8,17.4
"Morel, Christopher",666624,2024,26,10,".280",".316",".316",".324",".381","76.1",30.2,73.5,"89.2",27.6,10.2,4.5,40.4,"94.784090605",68.8,26.2,72.7,34.1
"Bauers, Jake",641343,2024,34.1,11.3,".294",".302",".303",".390",".404","73.8",23.7,48.8,"89.4",38.6,10.3,9.2,42.9,"94.377085138",68.7,19.7,79.2,29.1
"Cowser, Colton",681297,2024,30.7,9.3,".331",".326",".312",".442",".433","73.8",31.1,44.2,"90.5",32.1,13.6,7.6,46.1,"95.374243739",64,25,79.2,30.4
"Realmuto, J.T.",592663,2024,24.7,6.5,".326",".339",".324",".404",".424","73.2",29.6,52.2,"89.2",36.9,10.4,9.7,46.6,"94.909982842",69.4,30.2,82.4,26.2
"Arraez, Luis",650333,2024,4.3,3.6,".323",".325",".343",".320",".323","63.1",46,44.6,"86.3",40.9,1.6,3.8,23.7,"91.449624457",63,35.3,95,6.9
"Taylor, Michael A.",572191,2024,35,7.7,".242",".270",".267",".332",".382","74",28.3,48.3,"89.3",31.4,11.6,1.7,40.1,"94.548357778",68,30.4,71.7,39.2
"Perkins, Blake",663368,2024,24.9,9.7,".288",".275",".298",".336",".316","69.4",42.4,55.8,"88.8",32,3.9,6,37.7,"93.114376074",60.2,24.5,76.9,27.1
"Smith, Josh",669701,2024,20.4,7.8,".323",".304",".324",".361",".333","70.1",35.7,44.8,"87.8",33.7,3.7,5.7,37.1,"93.25999596",66.9,25.9,84,21.8
"Gorman, Nolan",669357,2024,37.6,8.5,".290",".307",".278",".431",".463","73.2",26.1,48.4,"88.5",40.3,16.7,5.1,38.6,"94.443953953",70.8,30.3,70.7,38.7
"Yelich, Christian",592885,2024,18.4,12.7,".391",".373",".388",".443",".416","73.2",33.1,44,"91.1",32.2,7.9,8.9,46.7,"96.008981238",69.9,24.9,84.7,23.1
"Rizzo, Anthony",519203,2024,17.3,7.2,".285",".297",".314",".298",".314","68.5",32.1,53.4,"86.7",31,4,4.7,33.2,"92.909990255",65.9,33.6,89.4,19.3
"Kiner-Falefa, Isiah",643396,2024,15.7,3.2,".299",".283",".292",".332",".312","67",40.9,44.2,"86.1",31.6,2.3,5.1,29.7,"92.34866123",60.8,30.1,90.2,14.8
"Tellez, Rowdy",642133,2024,21.1,7.4,".301",".302",".297",".347",".349","74.4",27.5,44.2,"89.4",32.4,8,5.7,36.5,"94.350585034",58.8,27.4,88.5,21.9
"Tovar, Ezequiel",678662,2024,28.8,3.3,".324",".289",".264",".444",".391","71.3",30.6,47.9,"88.8",38.5,9,7.7,39.8,"93.964016332",82,44.1,77.7,33.5
"Fletcher, Dominic",666150,2024,24.1,4.6,".227",".244",".265",".269",".294","66.7",33.3,34.7,"84.4",38.7,1.8,3,26.8,"91.934485697",61.9,31.9,84.5,21.2
"Haniger, Mitch",571745,2024,29.8,9.5,".277",".292",".294",".346",".371","72.9",34.8,55.1,"90.6",31,9,8.2,45.9,"95.105264331",63.5,24,76.5,32.3
"McKinstry, Zach",656716,2024,21.2,7.4,".270",".294",".299",".304",".337","67.2",38.5,44.2,"88",37.8,4.3,7.8,32.6,"92.860583362",66.7,27.9,84.9,22.1
"Peralta, David",444482,2024,20.8,8.5,".329",".313",".327",".379",".356","71.4",33.1,41.7,"88.1",36.8,5.5,4.9,42.3,"93.91992022",70.6,32.6,83.1,28.1
"Santana, Carlos",467793,2024,16.7,10.9,".326",".330",".336",".344",".348","71.8",36.1,63.3,"89.2",30.9,7.3,6.6,39.9,"94.004167778",64.9,23.4,83.4,23.3
"Moreno, Gabriel",672515,2024,14.8,11.7,".325",".325",".345",".331",".331","70.7",36.1,43.9,"90",33.6,6.6,5.9,41,"94.221263359",59.2,21.6,85,18.5
"Hayes, Ke'Bryan",663647,2024,18.9,5.8,".256",".279",".296",".282",".313","72.1",37.4,34.8,"88.9",29.9,2.4,6.5,42.9,"94.135653938",62.3,28,92.2,18.1
"Moniak, Mickey",666160,2024,27.3,5,".281",".283",".267",".358",".361","73.1",28.2,51.7,"88.1",31.9,9.3,5,34.4,"93.816907681",75.1,39.7,77.3,30.6
"Margot, Manuel",622534,2024,15.7,6.1,".276",".308",".314",".295",".336","72",31.2,48.6,"88.2",30.9,4.9,5.3,33.6,"93.482249961",68.4,30.3,86,20.6
"Pillar, Kevin",607680,2024,22,5.1,".293",".275",".284",".336",".312","69.4",27.8,58.1,"84.6",36.5,3.7,7.8,29.7,"92.245806101",67.8,37.9,85.4,24.5
"Rendon, Anthony",543685,2024,14.7,9.7,".264",".286",".314",".248",".278","68.3",38.3,51.5,"87.9",31.4,2.3,8.6,37.1,"92.991806897",59.4,17.4,91.4,12.5
"Vázquez, Christian",543877,2024,20.6,3.5,".250",".265",".260",".297",".317","68.3",38.7,62.5,"88.5",36.1,3.8,6.3,36.6,"93.213200991",68.5,34.1,86,20.8
"Semien, Marcus",543760,2024,14.6,8.9,".306",".313",".321",".319",".328","68.3",37.5,57.4,"87.4",33,6.6,4.8,35.2,"93.005121934",75.9,25.2,88.1,20.2
"Heyward, Jason",518792,2024,20.5,8.5,".300",".290",".309",".336",".322","73.2",26.7,64.3,"88",29.8,5.6,3.4,41.6,"94.178780339",68.1,32.2,86.1,24
"Contreras, Willson",575929,2024,26.8,12.6,".370",".365",".377",".456",".447","75.9",27.9,50.3,"91.6",32.7,11.2,6.8,46.8,"96.17214078",71.2,29.9,77.8,35
"Fairchild, Stuart",656413,2024,25.8,7.3,".288",".293",".287",".347",".354","70.3",32.7,58.2,"85.5",27.6,7.9,5.9,36.8,"93.363702378",74.7,26,72.5,35.5
"Muncy, Max",571970,2024,26.3,15.4,".362",".349",".357",".436",".414","71.3",33.5,44.4,"90.2",32.5,10.8,11.4,43.4,"94.752278735",63.7,20.3,76.2,31
"Sánchez, Gary",596142,2024,27.1,9.6,".307",".309",".306",".371",".374","73.1",35.1,60.9,"90",31.4,10.5,7.6,44.2,"95.129594012",55.1,26.9,79.1,30.4
"Blackmon, Charlie",453568,2024,17.2,8.6,".323",".306",".323",".351",".328","67.4",29.3,55.7,"84.8",34.1,5.2,4.4,27.2,"92.106050111",66.2,29.5,86.4,19.2
"Wong, Connor",657136,2024,23.4,5.7,".330",".288",".290",".403",".342","72",29.4,51.7,"86.5",30.7,6.3,5.4,34.5,"93.452738532",72.2,29.5,80.2,28.8
"Schwarber, Kyle",656941,2024,28.5,15.3,".366",".380",".374",".463",".489","77.5",32.5,67.4,"93.6",31.8,15.6,7.3,55.5,"97.529843438",60.6,20.9,76.3,32
"Renfroe, Hunter",592669,2024,19.8,8.5,".302",".291",".292",".337",".322","75.2",29.8,66.2,"88.5",27.8,6.6,6.3,39.4,"94.256549636",62.7,26.3,84.7,23.4
"Taylor, Tyrone",621438,2024,23.2,5.5,".304",".301",".301",".367",".364","70.5",33.9,57,"87.3",34.9,7.1,7.5,35.3,"93.783487975",66.2,32.4,88,22.2
"Profar, Jurickson",595777,2024,15.1,11.4,".365",".364",".383",".381",".379","71.7",32.4,50.4,"91.1",31.3,7.2,4.9,44.4,"94.862553707",68.6,21.9,87.4,17
"Carpenter, Kerry",681481,2024,25.3,7.4,".390",".379",".332",".503",".487","71.5",34.2,49.7,"90.5",40.1,17.7,5.7,46.4,"94.944129215",70.4,32.2,81.6,30.3
"Bregman, Alex",608324,2024,13.6,6.9,".331",".319",".314",".353",".338","71.3",37.8,68.7,"89.1",34.9,6.4,7.4,40.5,"93.684160984",65.6,23.6,91.3,12.8
"Reynolds, Bryan",668804,2024,22.5,8.2,".343",".350",".342",".409",".420","71.6",36.6,46.5,"89.9",37.5,9.6,7.2,45.4,"94.867542484",74,30.2,81.3,29.4
"Rafaela, Ceddanne",678882,2024,26.4,2.6,".286",".273",".259",".373",".355","70.1",30.5,52.6,"86.6",34.9,7.5,5,36.9,"93.166643181",78.6,46.4,75,33
"Hamilton, David",666152,2024,25.2,6.9,".305",".281",".287",".377",".342","68.9",36.1,48.4,"87",38.3,5.6,7.5,32.2,"92.969829904",66.3,24.2,82.3,25.6
"Wade Jr., LaMonte",664774,2024,22.4,15.5,".337",".354",".381",".374",".401","72.4",34.3,53.2,"90.6",39.6,9.4,9,44.1,"95.074393169",62.9,20.2,86.4,24.2
"Perez, Salvador",521692,2024,19.8,6.7,".335",".360",".334",".392",".427","73.2",33.6,53.6,"91.1",39.4,12.2,6.6,44.8,"95.341857371",77.3,42.9,81.7,27.8
"Keith, Colt",690993,2024,19.8,6.5,".301",".311",".316",".347",".361","71.3",35.4,45.3,"87.8",34.6,5.6,5.1,35.3,"93.330372181",67.9,29.9,86.6,23.2
"Torkelson, Spencer",679529,2024,27.6,8.7,".295",".283",".286",".363",".345","73.6",27,53.8,"89",31.5,6.7,5,39.7,"94.009349451",66.9,23.2,82.3,26.6
"Sheets, Gavin",657757,2024,21.2,8.6,".291",".309",".320",".327",".353","72.7",28.2,44.4,"87.8",41.1,5.7,6.3,35.3,"93.510571585",62.4,32.4,83.8,23
"Nootbaar, Lars",663457,2024,19.5,12.8,".331",".355",".359",".360",".395","72.6",37.3,49.5,"91.8",32.2,9.9,8.1,49.5,"95.717855683",56.5,16.9,86.7,19
"Raleigh, Cal",663728,2024,28,11.1,".323",".346",".326",".403",".442","74.5",28.5,45.5,"91",35.6,15.4,6.9,48.1,"95.508789467",74,32.7,76.8,31
"Wisely, Brett",689172,2024,23.9,4.8,".272",".255",".259",".332",".309","67.5",33.2,41.6,"86.8",29.7,5.2,3.6,31.6,"92.51248388",67.1,30.9,85.6,22.5
"Duran, Jarren",680776,2024,21.8,7.3,".357",".338",".330",".429",".403","73.6",30,36.2,"90.8",33.8,9.3,6.2,43.9,"95.341113209",68.2,28.1,84.1,24.8
"Smith, Will",669257,2024,19.3,9.4,".326",".331",".323",".363",".372","67.9",33.4,60.5,"89.4",38.3,10.8,8.4,42,"93.929159392",66.5,26.3,84.5,20.9
"Goodman, Hunter",696100,2024,28.6,3.6,".274",".279",".246",".361",".368","74.9",22.5,69.9,"88.2",32.9,12.8,6.7,39.6,"94.135665034",78.1,39.9,80.4,31.5
"Hoerner, Nico",663538,2024,10.3,6.9,".313",".313",".344",".312",".313","68.2",35.4,43.7,"85.7",36,1.2,2.1,27.6,"91.993965849",63.7,31.8,92.7,11.9
"Bart, Joey",663698,2024,25.9,7.8,".347",".330",".322",".433",".408","74.8",29,44.4,"88.1",32.6,9.4,3.3,38.7,"94.605861732",59.6,26.4,83.9,26.2
"Gurriel Jr., Lourdes",666971,2024,18.3,5.2,".327",".319",".312",".376",".365","70.6",31.5,48.3,"88.4",33.8,6.7,7.2,40,"93.921850288",69.5,32.9,88.2,20.2
"Ortiz, Joey",687401,2024,20.2,11,".319",".305",".328",".347",".327","73.4",27,35.6,"87.8",26.6,4.6,5.2,38.4,"93.766433018",53.5,24.7,89.8,17.1
"Betts, Mookie",605141,2024,11,11.8,".371",".356",".368",".376",".357","69",42.4,52.7,"89.9",39.3,6,10.1,39.5,"93.575257103",60.8,21.1,93.9,14.9
"Bailey, Patrick",672275,2024,22.3,8.7,".281",".319",".324",".321",".376","71.3",36.2,40.9,"91.3",37.9,5.5,7.1,43,"94.770639073",70,25.1,84,23.4
"Frazier, Adam",624428,2024,20.1,7.5,".261",".286",".314",".275",".311","66.5",30.5,45.2,"84.5",37.9,2.9,4.9,22.8,"91.560763134",65.3,26.4,88.5,18.8
"Martin, Austin",668885,2024,18.3,7.8,".297",".297",".323",".326",".325","66.9",45.9,51.4,"87.2",39.4,1.1,5.3,33.5,"92.431606902",69.6,18.4,84.3,21.4
"Conforto, Michael",624424,2024,24.2,8.6,".327",".350",".329",".394",".430","74.1",33,53.6,"90.2",33.7,11.8,9,46,"95.249550592",65.4,24.5,82,25.2
"Volpe, Anthony",683011,2024,22.6,6.1,".287",".278",".291",".342",".329","69.3",32.2,60.7,"87.7",33.3,3.9,5.6,35.4,"93.206482989",65.4,29.3,82.4,22.6
"Herrera, Iván",671056,2024,20.5,9.7,".351",".366",".370",".404",".426","73.3",32.4,44.3,"89.3",38.2,9,6.7,42.1,"94.599725311",60,26.6,84.2,24.8
"Nimmo, Brandon",607043,2024,23.8,11.6,".321",".335",".346",".363",".386","73.3",30.9,50.6,"91.9",33.7,9.1,6.5,47.4,"95.221659687",65.6,24.1,84.4,23.4
"Cabrera, Oswaldo",665828,2024,19.3,6.4,".290",".285",".301",".329",".322","68.3",34.1,44.8,"88.2",34,3.7,5.8,34.9,"92.88412097",68.1,29.6,89,18.8
"Rojas, Johan",679032,2024,19,3.6,".265",".250",".262",".306",".285","71.3",32.6,48.2,"85.7",22,2.5,3.6,27.4,"92.590351731",61.8,35.5,81.4,22.7
"Heim, Jonah",641680,2024,18.3,5.3,".265",".277",".275",".295",".311","70.2",34.6,60.2,"88.5",29.9,5.9,5.9,36.4,"93.44020477",76.3,32.1,85.6,20.7
"Kelly, Carson",608348,2024,17.6,8,".304",".314",".311",".324",".339","69.5",37.7,52.5,"87.6",27.3,6.6,7.9,39.4,"93.591084867",66.7,24.4,86,22.8
"Sosa, Edmundo",624641,2024,24.1,4.7,".318",".305",".302",".389",".369","73.1",26.7,51.1,"89.2",28.5,8.6,4.3,41.4,"94.380628306",75.2,40.5,79.7,31.4
"Farmer, Kyle",571657,2024,20.2,7.9,".285",".294",".304",".309",".322","66.7",38,46.2,"87.7",36.3,5.4,6,29.8,"92.547452202",63.2,32.7,86.5,22
"Garcia, Maikel",672580,2024,16.5,6.7,".270",".300",".310",".292",".331","70.8",40.9,45.6,"90.4",34.1,3.7,4.8,42.8,"94.39492241",63.6,21.2,88.5,15.7
"Gallo, Joey",608336,2024,39.2,12.3,".276",".285",".287",".383",".404","72.4",32.9,51,"90.5",32.8,13.1,8.2,43.4,"94.605556281",68.3,22,67.3,39.6
"Buxton, Byron",621439,2024,25.5,5.2,".366",".353",".322",".467",".448","74.3",31.5,56.5,"91.7",39.5,13.2,8.5,48.1,"95.815194845",76.3,32.6,77.5,32.1
"Marte, Noelvi",682622,2024,31,3.7,".243",".268",".263",".325",".364","73.1",26.8,54.2,"87",33.5,6.5,6.5,36.1,"93.351013935",74.4,37.1,80.9,32.1
"Garver, Mitch",641598,2024,30.9,12.3,".281",".285",".295",".335",".343","71.2",34.7,66.2,"89.9",32.5,8.4,7.2,39.7,"94.254381059",57.6,20,78.6,30.8
"Urshela, Gio",570482,2024,15.6,5,".281",".302",".302",".311",".337","68.2",35.7,49.2,"86.4",38.6,4.9,5.2,28.4,"92.394270526",72.7,36.4,83.9,20.3
"Kirk, Alejandro",672386,2024,13.2,9.1,".297",".324",".332",".300",".335","70.1",36.7,51.8,"89.4",34.6,6.7,7,40.9,"94.269440505",65.7,28.3,90.2,15.7
"Flores, Wilmer",527038,2024,13.6,8.3,".262",".285",".298",".258",".287","66",34.2,55,"83.5",36.6,5.9,5.4,27.6,"91.787573297",60.6,28.5,92.8,13.9
"Marte, Starling",516782,2024,21.9,7.3,".313",".337",".344",".369",".403","72.4",34,47.7,"89.8",37.1,6.9,7.3,42.9,"94.944189",69.2,30.1,81,28.4
"Bellinger, Cody",641355,2024,15.6,7.9,".322",".301",".305",".353",".326","69",38.6,59.5,"87.8",32.9,6.3,3.9,32.9,"92.768351065",67.1,32.4,84,22.2
"Sánchez, Jesús",660821,2024,26.1,7.6,".317",".343",".325",".397",".437","75.2",32.2,50.8,"92.5",31.8,12.2,7.1,51.3,"96.923820315",73.5,36.1,77.6,31.2
"Stott, Bryson",681082,2024,16.3,9.3,".296",".306",".325",".310",".324","68.2",35.2,47.4,"87",35.3,3.6,5.2,30.8,"92.631038831",59.6,28.3,86.3,17
"Springer III, George",543807,2024,18.7,9.8,".298",".322",".325",".318",".351","71.9",33,52.2,"87.5",29.2,9.3,4.4,37.4,"94.046929394",73,23.5,81.4,25.3
"Candelario, Jeimer",600869,2024,24.6,5.8,".304",".280",".276",".373",".340","68.4",34.3,52.4,"86.9",33.9,8.2,5.7,34.5,"92.968221397",70.1,34.6,79.1,29.1
"Brown, Seth",664913,2024,28,6.3,".289",".294",".284",".372",".379","73.3",30.9,51.1,"90",35.2,8.4,6.9,40.6,"94.815981008",75.2,30.3,83.3,29.1
"DeLuca, Jonny",676356,2024,21.3,6.6,".269",".272",".289",".305",".309","70.8",26.1,60.1,"84.6",32.7,3.9,4.7,28,"92.14905868",71.5,37.8,82.3,24
"Melendez Jr., MJ",669004,2024,25.1,7.8,".292",".317",".303",".353",".391","72.8",29.7,54,"91.1",29.1,8.4,9,45.2,"95.196771409",77.8,28.4,75.7,29.5
"Westburg, Jordan",676059,2024,21.7,4.9,".340",".353",".328",".410",".429","71",37.5,64.6,"91.1",37.4,11.8,9,46.1,"95.272487",71.6,30.4,79.3,29.3
"Estrada, Thairo",642731,2024,19.9,2.6,".256",".263",".257",".301",".309","71",33.8,61,"86.2",30.3,4.8,5.9,31.7,"92.678487456",67.5,34.9,89.9,20.5
"Báez, Javier",595879,2024,23.9,4.2,".224",".264",".259",".270",".326","74.8",29.9,57.4,"88.3",27.7,7.8,6.3,40,"94.368542976",64.9,43.2,82.3,30.2
"Guerrero Jr., Vladimir",665489,2024,13.8,10.3,".398",".408",".395",".434",".448","75.9",34.5,37.4,"93.8",35.1,13.7,6.3,54.9,"97.649346073",68.6,27.5,84.9,21.5
"Schneider, Davis",676914,2024,31.7,10.4,".277",".292",".292",".349",".374","69.8",30.1,52.3,"88.6",38,12,6.6,38,"93.569243488",64,22.9,77.5,30.6
"Riley, Austin",663586,2024,25.2,7.9,".338",".361",".334",".419",".455","75.2",32.7,46.4,"93.3",37.2,14.9,8.4,53.4,"96.882758664",72.1,28,81.3,27.5
"Rosario, Eddie",592696,2024,24.1,5,".230",".257",".249",".277",".315","70.3",39.4,60.5,"91",27.9,5.3,10.6,42.5,"94.098201031",71.9,35,78.5,27.5
"Freeman, Tyler",671289,2024,13.8,7.3,".283",".302",".329",".268",".293","71.7",36,38.4,"87.7",30.7,3.2,6.7,34.6,"93.423975986",64.5,29.1,89.5,16.4
"Malloy, Justyn-Henry",669234,2024,37,10,".291",".267",".271",".410",".365","69",27.2,46.8,"87.6",31.9,10.9,6.7,37.8,"93.208402605",65,19.7,72.1,36.6
"Clement, Ernie",676391,2024,9.1,2.4,".297",".282",".275",".315",".298","66.8",41.7,56.3,"85.5",34.3,3.8,5.3,24.9,"91.830379974",70.1,43.3,90,14.4
"Fermin, Freddy",666023,2024,17.9,6.3,".300",".279",".294",".338",".310","70.8",32.9,53.1,"88.2",29.2,3.2,4,33.9,"93.085600262",72.4,30.8,87.1,23
"Smith, Dominic",642086,2024,24.8,9.1,".306",".302",".301",".360",".355","68.8",38.2,56.5,"89.3",37.7,10.6,7,38.7,"93.729740505",65.1,27,80.8,25.3
"Wallner, Matt",670242,2024,36.4,9.2,".385",".358",".351",".575",".518","77.3",24.1,47.7,"92.8",38.1,17.5,10.3,53.2,"96.920236746",71.7,26,68.8,38.4
"Turner, Trea",607208,2024,18.2,5,".349",".318",".309",".405",".364","71.6",34.1,61.4,"89.1",30.9,6.9,5.6,40.7,"94.073107543",74.8,33.9,85.8,26.1
"Tucker, Kyle",663656,2024,15.9,16.5,".419",".400",".400",".454",".427","72.1",36.2,45.8,"91.1",40,12.9,7.6,44.9,"94.740150044",67.7,17.5,87.3,19
"Kim, Ha-Seong",673490,2024,16.4,12.3,".308",".313",".344",".316",".323","69",36.3,42.9,"87.9",36.6,4.8,4.8,35.4,"93.412597329",55.2,18.6,86.4,16.1
"Chourio, Jackson",694192,2024,21.1,6.8,".339",".328",".326",".406",".391","73.2",34.4,57.9,"89.7",33.2,7.8,6.6,44.9,"94.831073407",66.1,31.9,82.6,27.1
"Jankowski, Travis",608671,2024,21.3,5.8,".234",".241",".272",".250",".261","67",33.3,23.5,"85.4",25.3,0.7,2.7,24.7,"91.700885874",64.9,20.7,84.8,20.7
"Joe, Connor",656582,2024,21.9,10.6,".305",".277",".301",".337",".295","72.1",27.8,49.9,"85.3",30.9,4.7,3.3,32.7,"92.982890511",63.8,21.9,81.6,25.7
"Martinez, J.D.",502110,2024,28.5,9.9,".318",".351",".339",".401",".456","72.9",28.4,49.2,"91",39.3,14.9,4.4,46.1,"95.173257041",69,29.7,81.9,31.5
"Robles, Victor",645302,2024,18,7.1,".357",".326",".338",".397",".352","68.3",35.6,51.2,"86.7",34.8,6.2,4.8,28.6,"92.756314603",78.8,33.2,81,24.7
"Julien, Edouard",666397,2024,33.9,11,".278",".287",".291",".362",".379","71.9",28.2,44.8,"87.8",38.4,9.8,7.9,37.8,"93.491651402",63.1,17.8,77.6,30.9
"Contreras, William",661388,2024,20.5,11.5,".359",".358",".356",".412",".411","74.7",34.9,63.4,"92.8",29,10,7.8,49.5,"96.642602527",71,25.6,80.7,27.8
"France, Ty",664034,2024,21.3,7.1,".296",".303",".301",".332",".343","71",31.2,52.5,"88.7",30.5,7.3,6.2,40,"94.004650595",74.7,26.9,83.6,24.2
"McCutchen, Andrew",457705,2024,25.8,11.3,".325",".327",".324",".386",".391","72.7",31.2,56.4,"88.5",31.9,12,5.7,36.9,"93.831123091",65.6,17.2,77.7,28.9
"O'Hearn, Ryan",656811,2024,14,9.3,".330",".351",".348",".347",".374","72.4",33.7,43.8,"89.6",35,6.9,9.3,40.1,"94.095787394",67.7,26.2,89.7,18.1
"Butler, Lawrence",671732,2024,23.9,7.8,".345",".339",".317",".426",".419","74.2",32.1,38.8,"91.1",35.1,11,5.8,47.4,"95.302256275",69.1,27.3,80.3,26.9
"Varsho, Daulton",662139,2024,26.7,9.4,".304",".261",".268",".372",".304","73.7",24,54.2,"86.1",30.2,6.2,9,34,"93.276618121",70.3,25.9,79.3,27
"Harper, Bryce",547180,2024,21.9,12,".380",".357",".358",".457",".423","74",28,44.4,"91.1",36.1,10.6,9.6,48.2,"95.63882949",78.2,33.4,84.9,26.7
"Loperfido, Joey",694388,2024,36.3,5,".268",".254",".257",".391",".365","72.9",26.1,44.2,"88.3",40.7,4,5.3,34.7,"93.030415608",72.8,32.4,76.2,35.4
"Laureano, Ramón",657656,2024,31.1,4.9,".324",".311",".288",".444",".423","72.7",29.5,45,"89.2",38.7,12.6,6.8,40.8,"94.492561099",73.3,30.4,77.3,31.8
"Fortes, Nick",663743,2024,12.2,3.3,".252",".245",".259",".266",".257","71.3",31.2,32.5,"84.3",29,1.4,2.9,22.6,"91.819744812",65.6,31.5,88.4,13.2
"Newman, Kevin",621028,2024,15.4,4.8,".298",".271",".292",".335",".301","67.6",38.7,44.6,"85.6",25,1.6,1.6,23.4,"91.64158444",68.3,28.3,89,17.3
"Jimenez, Leo",677870,2024,28.1,5.7,".308",".311",".328",".365",".370","69.7",30.4,47,"87.6",40.7,8.1,7.3,33.3,"92.763416942",64.3,27.9,80,27
"Caratini, Victor",605170,2024,19.3,8.4,".324",".322",".332",".365",".362","71.9",38.7,47.9,"91.2",35.9,5.6,6.2,43.1,"94.888518923",67.5,25.8,84.7,23.3
"Wells, Austin",669224,2024,21,11.4,".315",".339",".339",".343",".380","72.4",31.4,47.8,"88.4",34.5,9.1,7.3,38.9,"94.070969368",73.2,25.5,79.9,27.3
"Campusano, Luis",669134,2024,13.7,6.7,".282",".289",".297",".294",".303","69.2",36.8,59.1,"87.7",27.4,4.6,4.6,34.2,"93.277557745",69.1,31.8,85.4,20.5
"Friedl Jr., TJ",670770,2024,15.2,7.6,".305",".292",".318",".309",".291","70.5",35.1,61.8,"86",29.9,3.2,5.6,31.5,"92.527458326",61.8,24,88.5,17.9
"Pérez, Wenceel",672761,2024,21.6,7.5,".299",".291",".300",".348",".337","70.2",31.9,44.3,"88.4",37.7,4.3,6.3,30.6,"92.757975085",65,28.4,84.2,20.9
"Miranda, Jose",669304,2024,15.4,4.2,".328",".306",".300",".367",".339","71",36,68.5,"88.9",33.9,5.9,7.7,38.9,"93.786600855",70.9,35.6,87.4,22.5
"Mitchell, Garrett",669003,2024,31.7,11.2,".351",".312",".322",".480",".411","75.7",26.8,57.8,"88.8",34.6,8.7,6.3,37,"94.510744",68.5,17.6,71.7,34.8
"Santander, Anthony",623993,2024,19.4,8.7,".345",".324",".304",".394",".364","73.1",27.7,50.7,"89.8",35,11.7,9.1,41.6,"94.357156511",67.8,33.8,84.6,20
"Díaz, Yandy",650490,2024,15.3,8.1,".331",".336",".340",".356",".363","73.3",36.5,38.2,"92.2",28.4,7.6,5.3,48.7,"96.263007825",64,22.8,89.7,14.2
"Pagés, Pedro",686780,2024,26.6,6,".286",".279",".273",".363",".354","72",28.2,38,"89",32,4.8,8.2,40.4,"93.608837639",66.4,35,83.4,26.1
"Trevino, Jose",624431,2024,17.5,8.5,".284",".267",".279",".299",".276","68.9",41.1,70.7,"88.1",26.9,5.3,3.5,35.1,"93.099578353",53.5,28.7,89.7,18.7
"Walker, Christian",572233,2024,24.1,10,".343",".351",".339",".412",".424","75",26.1,46.9,"91.2",35,13.3,7.1,48,"96.011102521",73.1,24.3,82.5,25.6
"Cave, Jake",595909,2024,28.3,5.2,".295",".277",".275",".391",".364","69.5",30.6,44.5,"87.5",35.8,5.2,5.2,37.1,"93.366757022",71,33.4,78.7,28.2
"Iglesias, Jose",578428,2024,13.4,4.1,".362",".314",".336",".395",".334","69.8",33,42.3,"85.8",36.2,2.2,4.3,30.6,"92.513387672",64.8,39.5,87.9,15.2
"Henderson, Gunnar",683002,2024,22.1,10.8,".381",".374",".368",".454",".443","76.3",32.3,47.4,"92.8",34.5,11.2,8.6,53.9,"96.835723291",66.7,23.2,82.5,24.4
"Soler, Jorge",624585,2024,24.6,11.8,".340",".346",".342",".401",".412","75.4",29.6,56.6,"90.5",33.4,12.6,7.3,44.1,"95.262490702",64.8,26.8,82.9,28.9
"Taylor, Chris",621035,2024,30.9,11.4,".272",".297",".313",".330",".374","70",26.7,47.6,"85.9",42.9,7.1,6.4,28.6,"92.58514587",72.5,19.6,73.7,31.3
"Bleday, JJ",668709,2024,19.5,10.4,".330",".316",".322",".369",".349","71.7",35,54.1,"88.5",37.1,8.3,7.1,36.2,"93.527316345",67.8,24.7,82.5,26.1
"Barger, Addison",680718,2024,26.7,6.2,".262",".291",".279",".325",".369","74.3",31.8,45.2,"88.3",32.9,8.7,5.4,38.3,"94.503054898",61,31.5,80.3,27.6
"Jiménez, Eloy",650391,2024,20.1,6.3,".276",".300",".299",".314",".347","73.9",39.4,48.2,"92",25.1,7.8,3.9,49,"96.165143031",70.1,33,84.7,26.2
"Ahmed, Nick",605113,2024,22.4,4.8,".248",".259",".266",".294",".309","67.9",30.5,60.5,"84.9",29.7,3,6.1,23,"91.729839045",69.6,36.1,76.5,26
"Pederson, Joc",592626,2024,23.4,12.2,".391",".376",".384",".464",".439","73.4",28.9,53.9,"92.3",34.2,12.8,5.6,46.2,"95.864061892",60.7,29.5,81.1,25
"Gonzalez, Romy",663853,2024,26.9,5.6,".311",".313",".300",".401",".404","74.1",33.6,53.7,"92.3",29.7,8.3,9,51,"96.826247676",75.9,36.7,82.8,29.2